Title,Team,Roles,"Targeted Audience",Likes,Dislike
"Testing Purpose Image1231","Only Shin",Manager,200,0,0
"Testing Purpose Image Updated Byhggg","Test team",Manager,200,0,0
"Testing Purpose Text Updated data","Only Shin",Manager,200,0,0
"Testing Purpose Text Updated","Test team",Manager,200,0,0
"Testing Purpose Text","Only Shin","Test position",200,0,0
"Testing Purpose Text Updated","Test team","Test position",200,0,0
"Testing Purpose Text Update","Only Shin","Test position",200,0,0
"Testing Purpose Text Updated","Only Shin",Manager,200,0,0
"Testing Purpose Text Updated","Test team",Manager,200,0,0
"check text","Test team",Manager,200,0,0
"Check Link1111","Only Shin",Manager,200,0,0
Test,"Test team","Test position",200,0,0
ASD,"Test team","Test position",200,0,0
"b test image 2","Test team","Test position",200,0,0
,"Test team","Test position",200,0,0
check,"Only Shin","Test position",200,0,0
check123,"Test team",Manager,200,0,0
"Testing Purpose Link update suces123","Test team","Test position",200,0,0
"Bruno Text Test 01","Test team","Test position",200,0,0
"Bruno Pre-Upload Test","Test team","Test position",200,0,0
