Title,"Created at",Team,Roles,"Targeted Audience",Likes,Dislike
"Testing Purpose Image","2020-02-14 12:08:20","Only Shin",Manager,200,0,0
"Testing Purpose Image","2020-02-14 12:26:49","Only Shin",Manager,200,0,0
"Testing Purpose Image","2020-02-14 12:34:05","Only Shin",Manager,200,0,0
"Testing Purpose Image Updated By","2020-02-14 13:03:27","Test team",Manager,200,0,0
"Testing Purpose Text Updated","2020-02-13 11:00:58","Only Shin",Manager,200,0,0
"Testing Purpose Text Updated","2020-02-13 11:00:58","Test team",Manager,200,0,0
"Testing Purpose Text","2020-02-14 11:41:47","Only Shin","Test position",200,0,0
"Testing Purpose Text Updated","2020-02-14 11:00:58","Test team","Test position",200,0,0
"Testing Purpose Text Update","2020-02-14 12:41:12","Only Shin","Test position",200,0,0
"Testing Purpose Text Updated","2020-02-14 11:00:58","Only Shin",Manager,200,0,0
"Testing Purpose Text Updated","2020-02-14 11:00:58","Test team",Manager,200,0,0
Test,"2020-02-17 07:32:59","Test team","Test position",200,0,0
"Testing Purpose Link update suces","2020-02-14 13:17:21","Test team","Test position",200,0,0
ASD,"2020-02-17 07:32:26","Test team","Test position",200,0,0
"b test image 2","2020-02-17 14:53:05","Test team","Test position",200,0,0
,"2020-02-17 15:27:50","Test team","Test position",200,0,0
"Test post","2020-02-18 07:51:54","Test team",Manager,200,0,0
